{
    "sparse_col":{
        "gender":0,
        "occupation":1,
        "unknown":2,
        "Action":3,
        "Adventure":4,
        "Animation":5,
        "Children's":6,
        "Comedy":7,
        "Crime":8,
        "Documentary":9,
        "Drama":10,
        "Fantasy":11,
        "Film-Noir":12,
        "Horror":13,
        "Musical":14,
        "Mystery":15,
        "Romance":16,
        "Sci-Fi":17,
        "Thriller":18,
        "War":19,
        "Western":20
    },
    "dense_col":{
        "age":0
    },
    "user_sparse_col":{
        "gender":0,
        "occupation":1
    },
    "user_dense_col":{
        "age":0
    },
    "item_sparse_col":{
        "unknown":2,
        "Action":3,
        "Adventure":4,
        "Animation":5,
        "Children's":6,
        "Comedy":7,
        "Crime":8,
        "Documentary":9,
        "Drama":10,
        "Fantasy":11,
        "Film-Noir":12,
        "Horror":13,
        "Musical":14,
        "Mystery":15,
        "Romance":16,
        "Sci-Fi":17,
        "Thriller":18,
        "War":19,
        "Western":20
    }
}